{
  "base_file": "/content/cda_eos_numerical_proof_attempt/outputs_curv_step_20/base_fields_grid.npz",
  "metric_file": "/content/cda_eos_numerical_proof_attempt/cda_metric_curvature_nextpass/outputs_metric_curvature/metric_curvature_fields.npz",
  "base_tmd_points": 23,
  "n_grid_min": 0.14640201067993486,
  "n_grid_max": 0.8935847168264607,
  "n_grid_median": 0.6826213773073064,
  "sweep_count": 512,
  "stable_candidate_count": 329,
  "top_candidates": [
    {
      "K0_m3_per_mol": 1e-10,
      "epsK_K": 1400.0,
      "alpha0": 0.5,
      "lambda": 0.3,
      "valid_cells": 4313,
      "bad_mechanical_cells": 0,
      "bad_mechanical_frac_valid": 0.0,
      "min_dP_drho_molar_valid": 1767.1367045516963,
      "min_kappa_total_valid": 2.18027637158983e-10,
      "p_correction_median_MPa": 0.07754852459278601,
      "p_correction_p01_MPa": -3.9410504653086873,
      "p_correction_p99_MPa": 0.6222383111563065,
      "tmd_points_base": 23,
      "tmd_points_total": 22,
      "tmd_common_points": 22,
      "tmd_shift_mean_K": -6.0004219052379035,
      "tmd_shift_min_K": -12.420256459953578,
      "tmd_shift_max_K": 1.2056491985727007
    },
    {
      "K0_m3_per_mol": 1e-10,
      "epsK_K": 1800.0,
      "alpha0": 0.05,
      "lambda": 0.03,
      "valid_cells": 4313,
      "bad_mechanical_cells": 0,
      "bad_mechanical_frac_valid": 0.0,
      "min_dP_drho_molar_valid": 3638.2108372850053,
      "min_kappa_total_valid": 2.1752857883939403e-10,
      "p_correction_median_MPa": 0.09742708942206742,
      "p_correction_p01_MPa": -3.411304631191457,
      "p_correction_p99_MPa": 0.7067786680097965,
      "tmd_points_base": 23,
      "tmd_points_total": 22,
      "tmd_common_points": 22,
      "tmd_shift_mean_K": -5.969137021032401,
      "tmd_shift_min_K": -12.271580620315405,
      "tmd_shift_max_K": 0.9959528028887803
    },
    {
      "K0_m3_per_mol": 3e-10,
      "epsK_K": 1400.0,
      "alpha0": 0.5,
      "lambda": 0.1,
      "valid_cells": 4313,
      "bad_mechanical_cells": 0,
      "bad_mechanical_frac_valid": 0.0,
      "min_dP_drho_molar_valid": 2188.751672525599,
      "min_kappa_total_valid": 2.1802282031832558e-10,
      "p_correction_median_MPa": 0.07713556411739775,
      "p_correction_p01_MPa": -3.8706768828211926,
      "p_correction_p99_MPa": 0.6149096374516451,
      "tmd_points_base": 23,
      "tmd_points_total": 22,
      "tmd_common_points": 22,
      "tmd_shift_mean_K": -5.962055816942198,
      "tmd_shift_min_K": -12.405689634179339,
      "tmd_shift_max_K": 1.205669741652116
    },
    {
      "K0_m3_per_mol": 1e-10,
      "epsK_K": 1800.0,
      "alpha0": 0.1,
      "lambda": 0.03,
      "valid_cells": 4313,
      "bad_mechanical_cells": 0,
      "bad_mechanical_frac_valid": 0.0,
      "min_dP_drho_molar_valid": 5156.334805561055,
      "min_kappa_total_valid": 2.174895219127954e-10,
      "p_correction_median_MPa": 0.08983535119645429,
      "p_correction_p01_MPa": -3.235428812551311,
      "p_correction_p99_MPa": 0.6593910086533359,
      "tmd_points_base": 23,
      "tmd_points_total": 22,
      "tmd_common_points": 22,
      "tmd_shift_mean_K": -5.858414409219382,
      "tmd_shift_min_K": -12.16556260727316,
      "tmd_shift_max_K": 0.976417994992687
    },
    {
      "K0_m3_per_mol": 3e-10,
      "epsK_K": 1800.0,
      "alpha0": 0.05,
      "lambda": 0.01,
      "valid_cells": 4313,
      "bad_mechanical_cells": 0,
      "bad_mechanical_frac_valid": 0.0,
      "min_dP_drho_molar_valid": 4414.116483702528,
      "min_kappa_total_valid": 2.1752234122335147e-10,
      "p_correction_median_MPa": 0.09620820721451956,
      "p_correction_p01_MPa": -3.2303466142245325,
      "p_correction_p99_MPa": 0.6913424685375594,
      "tmd_points_base": 23,
      "tmd_points_total": 22,
      "tmd_common_points": 22,
      "tmd_shift_mean_K": -5.8470141555607515,
      "tmd_shift_min_K": -12.214890915151216,
      "tmd_shift_max_K": 0.9909585895508144
    },
    {
      "K0_m3_per_mol": 1e-09,
      "epsK_K": 1400.0,
      "alpha0": 0.5,
      "lambda": 0.03,
      "valid_cells": 4313,
      "bad_mechanical_cells": 0,
      "bad_mechanical_frac_valid": 0.0,
      "min_dP_drho_molar_valid": 3554.216175824171,
      "min_kappa_total_valid": 2.180063218821014e-10,
      "p_correction_median_MPa": 0.0755929214629041,
      "p_correction_p01_MPa": -3.695802595273207,
      "p_correction_p99_MPa": 0.5908595463353217,
      "tmd_points_base": 23,
      "tmd_points_total": 22,
      "tmd_common_points": 22,
      "tmd_shift_mean_K": -5.834277497148691,
      "tmd_shift_min_K": -12.35567624715327,
      "tmd_shift_max_K": 1.204882530233192
    },
    {
      "K0_m3_per_mol": 1e-09,
      "epsK_K": 1000.0,
      "alpha0": 0.25,
      "lambda": 0.1,
      "valid_cells": 4313,
      "bad_mechanical_cells": 0,
      "bad_mechanical_frac_valid": 0.0,
      "min_dP_drho_molar_valid": 2000.7257398287766,
      "min_kappa_total_valid": 2.1867943606535965e-10,
      "p_correction_median_MPa": 0.183443262673316,
      "p_correction_p01_MPa": -3.9344815822451222,
      "p_correction_p99_MPa": 0.7752569647800291,
      "tmd_points_base": 23,
      "tmd_points_total": 22,
      "tmd_common_points": 22,
      "tmd_shift_mean_K": -5.782665794526452,
      "tmd_shift_min_K": -12.472537114237412,
      "tmd_shift_max_K": 1.4346309090138334
    },
    {
      "K0_m3_per_mol": 1e-09,
      "epsK_K": 2200.0,
      "alpha0": 0.5,
      "lambda": 0.003,
      "valid_cells": 4313,
      "bad_mechanical_cells": 0,
      "bad_mechanical_frac_valid": 0.0,
      "min_dP_drho_molar_valid": 1736.5516601343697,
      "min_kappa_total_valid": 2.1783347215575958e-10,
      "p_correction_median_MPa": 0.06824213323520806,
      "p_correction_p01_MPa": -3.8284254517168486,
      "p_correction_p99_MPa": 0.5943633299116979,
      "tmd_points_base": 23,
      "tmd_points_total": 22,
      "tmd_common_points": 22,
      "tmd_shift_mean_K": -5.7471934695795035,
      "tmd_shift_min_K": -12.493098508810476,
      "tmd_shift_max_K": 1.1728575285355873
    },
    {
      "K0_m3_per_mol": 3e-10,
      "epsK_K": 1800.0,
      "alpha0": 0.1,
      "lambda": 0.01,
      "valid_cells": 4313,
      "bad_mechanical_cells": 0,
      "bad_mechanical_frac_valid": 0.0,
      "min_dP_drho_molar_valid": 6000.8554521918995,
      "min_kappa_total_valid": 2.1748332615120805e-10,
      "p_correction_median_MPa": 0.08866858126524514,
      "p_correction_p01_MPa": -3.055652082415299,
      "p_correction_p99_MPa": 0.6426895002334019,
      "tmd_points_base": 23,
      "tmd_points_total": 22,
      "tmd_common_points": 22,
      "tmd_shift_mean_K": -5.725800748122947,
      "tmd_shift_min_K": -12.127220500488988,
      "tmd_shift_max_K": 0.9721407722868776
    },
    {
      "K0_m3_per_mol": 3e-10,
      "epsK_K": 1000.0,
      "alpha0": 0.25,
      "lambda": 0.3,
      "valid_cells": 4313,
      "bad_mechanical_cells": 0,
      "bad_mechanical_frac_valid": 0.0,
      "min_dP_drho_molar_valid": 4753.062137361092,
      "min_kappa_total_valid": 2.1849466113715757e-10,
      "p_correction_median_MPa": 0.16597824478440593,
      "p_correction_p01_MPa": -3.567431440572728,
      "p_correction_p99_MPa": 0.7019364664324109,
      "tmd_points_base": 23,
      "tmd_points_total": 22,
      "tmd_common_points": 22,
      "tmd_shift_mean_K": -5.620033180601134,
      "tmd_shift_min_K": -12.35033559300274,
      "tmd_shift_max_K": 1.3918400664542219
    }
  ],
  "chosen_candidate": {
    "K0_m3_per_mol": 1e-10,
    "epsK_K": 1400.0,
    "alpha0": 0.5,
    "lambda": 0.3,
    "valid_cells": 4313,
    "bad_mechanical_cells": 0,
    "bad_mechanical_frac_valid": 0.0,
    "min_dP_drho_molar_valid": 1767.1367045516963,
    "min_kappa_total_valid": 2.18027637158983e-10,
    "p_correction_median_MPa": 0.07754852459278601,
    "p_correction_p01_MPa": -3.9410504653086873,
    "p_correction_p99_MPa": 0.6222383111563065,
    "tmd_points_base": 23,
    "tmd_points_total": 22,
    "tmd_common_points": 22,